CSA2010,eattend10,eattend11,eattend12,eattend13,eattend14,mattend10,mattend11,mattend12,mattend13,mattend14,hsattend10,hsattend11,hsattend12,hsattend13,hsattend14,eenrol11,eenrol12,eenrol13,eenrol14,menrol11,menrol12,menrol13,menrol14,hsenrol11,hsenrol12,hsenrol13,hsenrol14,aastud10,aastud11,aastud12,aastud13,aastud14,wstud10,wstud11,wstud12,wstud13,wstud14,hstud10,hstud11,hstud12,hstud13,hstud14,abse10,abse11,abse12,abse13,abse14,absmd10,absmd11,absmd12,absmd13,absmd14,abshs10,abshs11,abshs12,abshs13,abshs14,susp10,susp11,susp12,susp13,farms10,farms11,farms12,farms13,sped10,sped11,sped12,sped13,ready11,ready12,ready13,math310,math311,math312,math313,math314,read310,read311,read312,read313,read314,math510,math511,math512,math513,math514,read510,read511,read512,read513,read514,math810,math811,math812,math813,math814,read810,read811,read812,read813,read814,hsaeng10,hsaeng11,hsaeng12,hsaeng13,hsaeng14,hsabio10,hsabio11,hsabio12,hsabio13,hsabio14,hsagov10,hsagov11,hsagov13,hsagov14,hsaalg10,hsaalg11,hsaalg12,hsaalg13,hsaalg14,drop10,drop11,drop12,drop13,drop14,compl10,compl11,compl12,compl13,compl14,sclsw11,sclsw12,sclsw13,sclsw14,sclemp14
CSA2010,Number of Students Ever Enrolled 1st - 5th Grade (2010),Number of Students Ever Enrolled 1st - 5th Grade (2011),Number of Students Ever Enrolled 1st - 5th Grade (2012),Number of Students Ever Enrolled 1st - 5th Grade (2013),Number of Students Ever Enrolled 1st - 5th Grade (2014),Number of Students Ever Enrolled 6th - 8th Grade (2010),Number of Students Ever Enrolled 6th - 8th Grade (2011),Number of Students Ever Enrolled 6th - 8th Grade (2012),Number of Students Ever Enrolled 6th - 8th Grade (2013),Number of Students Ever Enrolled 6th - 8th Grade (2014),Number of Students Ever Enrolled 9th - 12th Grade (2010),Number of Students Ever Enrolled 9th - 12th Grade (2011),Number of Students Ever Enrolled 9th - 12th Grade (2012),Number of Students Ever Enrolled 9th - 12th Grade (2013),Number of Students Ever Enrolled 9th - 12th Grade (2014),Number of Students Officially Enrolled in 1st - 5th Grade (2011),Number of Students Officially Enrolled in 1st - 5th Grade (2012),Number of Students Officially Enrolled in 1st - 5th Grade (2013),Number of Students Officially Enrolled in 1st - 5th Grade (2014),Number of Students Officially Enrolled in 6th - 8th Grade (2011),Number of Students Officially Enrolled in 6th - 8th Grade (2012),Number of Students Officially Enrolled in 6th - 8th Grade (2013),Number of Students Officially Enrolled in 6th - 8th Grade (2014),Number of Students Officially Enrolled in 9th - 12th Grade (2011),Number of Students Officially Enrolled in 9th - 12th Grade (2012),Number of Students Officially Enrolled in 9th - 12th Grade (2013),Number of Students Officially Enrolled in 9th - 12th Grade (2014),Percent of Students that are African American (2010),Percent of Students that are African American (2011),Percent of Students that are African American (2012),Percent of Students that are African American (2013),Percent of Students that are African American (2014),Percent of Students that are White (non-Hispanic) (2010),Percent of Students that are White (non-Hispanic) (2011),Percent of Students that are White (non-Hispanic) (2012),Percent of Students that are White (non-Hispanic) (2013),Percent of Students that are White (non-Hispanic) (2014),Percent of Students that are Hispanic (2010),Percent of Students that are Hispanic (2011),Percent of Students that are Hispanic (2012),Percent of Students that are Hispanic (2013),Percent of Students that are Hispanic (2014),Percent of 1st-5th Grade Students that are Chronically Absent (Missing at least 20 days) (2010),Percent of 1st-5th Grade Students that are Chronically Absent (Missing at least 20 days) (2011),Percent of 1st-5th Grade Students that are Chronically Absent (Missing at least 20 days) (2012),Percent of 1st-5th Grade Students that are Chronically Absent (Missing at least 20 days) (2013),Percent of 1st-5th Grade Students that are Chronically Absent (Missing at least 20 days) (2014),Percent of 6th-8th Grade Students that are Chronically Absent (Missing at least 20 days) (2010),Percent of 6th-8th Grade Students that are Chronically Absent (Missing at least 20 days) (2011),Percent of 6th-8th Grade Students that are Chronically Absent (Missing at least 20 days) (2012),Percent of 6th-8th Grade Students that are Chronically Absent (Missing at least 20 days) (2013),Percent of 6th-8th Grade Students that are Chronically Absent (Missing at least 20 days) (2014),Percent of 9th-12th Grade Students that are Chronically Absent (Missing at least 20 days) (2010),Percent of 9th-12th Grade Students that are Chronically Absent (Missing at least 20 days) (2011),Percent of 9th-12th Grade Students that are Chronically Absent (Missing at least 20 days) (2012),Percent of 9th-12th Grade Students that are Chronically Absent (Missing at least 20 days) (2013),Percent of 9th-12th Grade Students that are Chronically Absent (Missing at least 20 days) (2014),Percentage of Students Suspended or Expelled During School Year (2010),Percentage of Students Suspended or Expelled During School Year (2011),Percentage of Students Suspended or Expelled During School Year (2012),Percentage of Students Suspended or Expelled During School Year (2013),Percentage of Students Receiving Free or Reduced Meals (2010),Percentage of Students Receiving Free or Reduced Meals (2011),Percentage of Students Receiving Free or Reduced Meals (2012),Percentage of Students Receiving Free or Reduced Meals (2013),Percentage of Students Enrolled in Special Education Programs (2010),Percentage of Students Enrolled in Special Education Programs (2011),Percentage of Students Enrolled in Special Education Programs (2012),Percentage of Students Enrolled in Special Education Programs (2013),Kindergarten School Readiness (2011),Kindergarten School Readiness (2012),Kindergarten School Readiness (2013),Percentage of 3rd Grade Students Passing MSA Math (2010),Percentage of 3rd Grade Students Passing MSA Math (2011),Percentage of 3rd Grade Students Passing MSA Math (2012),Percentage of 3rd Grade Students Passing MSA Math (2013),Percentage of 3rd Grade Students Passing MSA Math (2014),Percentage of 3rd Grade Students Passing MSA Reading (2010),Percentage of 3rd Grade Students Passing MSA Reading (2011),Percentage of 3rd Grade Students Passing MSA Reading (2012),Percentage of 3rd Grade Students Passing MSA Reading (2013),Percentage of 3rd Grade Students Passing MSA Reading (2014),Percentage of 5th Grade Students Passing MSA Math (2010),Percentage of 5th Grade Students Passing MSA Math (2011),Percentage of 5th Grade Students Passing MSA Math (2012),Percentage of 5th Grade Students Passing MSA Math (2013),Percentage of 5th Grade Students Passing MSA Math (2014),Percentage of 5th Grade Students Passing MSA Reading (2010),Percentage of 5th Grade Students Passing MSA Reading (2011),Percentage of 5th Grade Students Passing MSA Reading (2012),Percentage of 5th Grade Students Passing MSA Reading (2013),Percentage of 5th Grade Students Passing MSA Reading (2014),Percentage of 8th Grade Students Passing MSA Math (2010),Percentage of 8th Grade Students Passing MSA Math (2011),Percentage of 8th Grade Students Passing MSA Math (2012),Percentage of 8th Grade Students Passing MSA Math (2013),Percentage of 8th Grade Students Passing MSA Math (2014),Percentage of 8th Grade Students Passing MSA Reading (2010),Percentage of 8th Grade Students Passing MSA Reading (2011),Percentage of 8th Grade Students Passing MSA Reading (2012),Percentage of 8th Grade Students Passing MSA Reading (2013),Percentage of 8th Grade Students Passing MSA Reading (2014),Percentage of Students Passing H.S.A. English (2010),Percentage of Students Passing H.S.A. English (2011),Percentage of Students Passing H.S.A. English (2012),Percentage of Students Passing H.S.A. English (2013),Percentage of Students Passing H.S.A. English (2014),Percentage of Students Passing H.S.A. Biology (2010),Percentage of Students Passing H.S.A. Biology (2011),Percentage of Students Passing H.S.A. Biology (2012),Percentage of Students Passing H.S.A. Biology (2013),Percentage of Students Passing H.S.A. Biology (2014),Percentage of Students Passing H.S.A. Government (2010),Percentage of Students Passing H.S.A. Government (2011),Percentage of Students Passing H.S.A. Government (2013),Percentage of Students Passing H.S.A. Government (2014),Percentage of Students Passing H.S.A. Algebra (2010),Percentage of Students Passing H.S.A. Algebra (2011),Percentage of Students Passing H.S.A. Algebra (2012),Percentage of Students Passing H.S.A. Algebra (2013),Percentage of Students Passing H.S.A. Algebra (2014),High School Dropout/Withdrawl Rate (2010),High School Dropout/Withdrawl Rate (2011),High School Dropout/Withdrawl Rate (2012),High School Dropout/Withdrawl Rate (2013),High School Dropout/Withdraw Rate (2014),High School Completion Rate (2010),High School Completion Rate (2011),High School Completion Rate (2012),High School Completion Rate (2013),High School Completion Rate (2014),Percent of Students Switching Schools within School Year (2011),Percent of Students Switching Schools within School Year (2012),Percent of Students Switching Schools within School Year (2013),Percent of Students Switching Schools within School Year (2014),Percentage of Population aged 16-19 in School and/or Employed (2010-2014)
Allendale/Irvington/S. Hilton,1118,1037,999,939,892,747,624,586,593,544,1064,930,862,844,794,965,973,920,866,582,568,572,530,852,833,807,774,94.9,93.9,93.0,93.4,93.5,2.9,3.5,3.9,3.7,3.8,0.8,1.5,2.1,1.9,1.8,14.7,20.6,15.6,16.6,16.7,28.8,20.0,14.7,14.7,17.5,41.2,38.3,39.0,35.7,37.7,9.5,10.4,10.0,7.6,86.1,86.1,79.3,87.8,16.9,16.7,17.3,18.1,68.4,70.6,88.2,67.2,73.5,69.8,64.8,43.9,59.6,60.9,59.6,63.6,58.2,67.0,55.9,65.0,59.7,40.1,76.1,69.2,81.0,77.5,69.4,23.7,27.9,38.0,37.2,18.5,45.1,54.4,62.4,60.4,50.0,38.0,34.1,32.3,27.5,42.8,41.0,31.2,32.2,30.3,59.4,53.0,46.0,38.5,49.6,19.9,20.6,17.9,17.9,35.6,3.8,4.9,2.7,2.7,2.6,80.3,83.9,78.1,78.1,86.3,6.8,9.6,9.6,9.1,77.7
Beechfield/Ten Hills/West Hills,574,647,605,606,606,349,351,370,379,363,511,516,494,507,455,597,583,580,583,317,364,365,351,463,474,490,445,95.4,95.6,95.6,94.5,94.6,2.1,2.5,2.5,2.9,2.7,0.6,1.2,1.1,1.5,1.3,6.4,17.9,9.9,12.0,11.1,11.7,11.1,10.3,10.0,7.4,29.9,31.4,29.1,23.7,29.9,8.1,6.7,8.4,4.9,76.3,77.8,69.6,79.1,12.7,12.9,14.0,14.3,44.2,71.8,82.4,76.7,75.9,73.6,77.0,48.3,69.9,69.2,73.8,73.5,60.9,79.8,63.2,74.6,71.9,51.4,88.3,78.7,80.3,82.0,82.2,29.2,39.6,39.8,42.9,30.3,56.7,77.0,66.7,75.2,61.3,43.6,37.1,36.8,44.6,59.8,47.6,41.3,45.9,50.3,58.7,60.1,52.3,53.9,68.0,24.6,22.7,28.1,28.1,40.9,2.0,1.9,3.0,3.0,1.8,85.9,80.3,82.1,82.1,89.4,5.1,5.6,5.6,5.9,74.7
Belair-Edison,1162,1241,1174,1149,1120,831,773,746,714,705,1219,1178,1126,1117,1035,1160,1141,1114,1094,741,723,701,692,1084,1091,1080,1022,96.9,97.0,96.7,96.1,96.7,1.3,1.5,1.4,1.4,1.5,0.3,0.7,1.2,1.6,1.1,14.0,18.9,16.8,16.3,18.6,12.4,13.1,14.9,8.8,12.2,41.1,44.0,41.5,34.5,37.5,9.9,8.6,8.7,9.8,85.5,84.4,78.8,86.0,16.0,16.7,17.4,16.5,69.0,57.6,75.3,76.9,68.1,70.4,60.0,39.4,69.8,67.7,62.2,57.7,52.1,74.8,60.3,70.1,59.9,37.2,79.0,69.8,76.4,70.9,72.9,30.6,44.8,38.0,38.6,21.3,57.3,65.6,57.5,60.8,48.4,32.5,33.4,32.2,30.6,52.0,36.9,33.7,32.7,36.3,49.8,39.0,40.7,41.9,63.2,23.0,18.7,18.6,18.6,34.3,4.0,4.2,3.8,3.8,1.9,82.9,79.9,77.4,77.4,81.6,7.2,7.6,7.6,8.0,84.6
Brooklyn/Curtis Bay/Hawkins Point,1011,1093,997,1050,1038,525,481,479,512,488,615,537,552,519,525,966,933,972,972,420,446,480,453,474,534,482,502,58.9,58.3,58.2,55.8,56.9,31.1,31.6,30.2,30.3,28.7,6.6,8.3,9.5,11.9,12.4,19.6,19.8,20.1,19.1,23.6,21.3,24.5,24.0,25.4,27.5,36.3,46.9,48.2,39.3,46.5,8.0,6.7,7.6,11.4,85.8,88.5,78.5,90.5,20.3,18.5,18.6,18.2,42.9,84.2,70.9,82.4,75.9,78.0,68.9,53.3,74.5,69.2,63.2,62.0,54.0,70.8,60.9,63.1,60.2,31.9,81.2,74.0,72.5,64.8,68.9,32.5,26.5,38.1,26.1,24.0,56.3,68.1,62.8,60.3,47.0,39.2,36.8,30.9,38.5,52.8,45.4,37.7,46.2,46.2,63.1,55.6,48.4,59.0,58.6,30.5,25.5,21.3,21.3,36.0,5.2,3.5,4.8,4.8,3.4,78.5,75.4,70.5,70.5,78.0,6.2,8.0,8.0,8.7,87.4
Canton,90,76,89,84,97,32,37,38,39,33,49,37,30,29,29,69,82,79,96,32,36,35,33,30,26,28,28,19.6,17.2,19.1,16.4,20.8,59.8,54.6,51.3,54.5,49.1,17.5,19.0,21.1,25.4,23.9,7.8,6.6,6.7,6.0,5.2,21.9,13.5,13.2,12.8,12.1,22.4,29.7,20.0,34.5,34.5,8.5,7.5,3.5,5.3,73.5,71.0,61.8,67.7,17.5,14.9,11.6,10.6,84.2,45.5,96.0,100.0,75.0,88.9,80.0,86.7,90.0,83.3,77.8,80.0,70.0,81.8,50.0,76.9,83.3,76.2,100.0,71.4,92.3,83.3,90.0,77.8,66.7,45.5,60.0,61.5,88.9,75.0,72.7,80.0,83.3,42.9,30.8,55.6,60.0,50.0,50.0,25.0,78.6,37.5,60.0,18.2,63.6,25.0,100.0,39.3,42.9,37.5,37.5,50.0,4.1,8.1,0.0,0.0,3.4,75.0,66.7,100.0,100.0,80.0,2.7,1.9,1.9,1.4,100.0
Cedonia/Frankford,1284,1451,1425,1379,1371,729,844,758,749,758,1477,1315,1251,1210,1103,1309,1337,1319,1305,767,734,716,733,1178,1182,1162,1068,91.3,88.5,86.3,86.9,88.5,3.5,4.2,4.1,3.8,3.7,0.9,1.2,1.8,1.9,1.8,10.5,13.8,10.0,8.9,12.1,9.1,12.1,13.5,7.3,9.2,35.5,36.3,32.0,30.0,34.2,9.1,6.7,6.8,5.6,80.5,80.9,73.1,82.5,16.9,15.7,16.0,16.0,75.4,74.6,84.9,65.7,72.1,71.5,63.1,53.5,55.8,66.0,62.9,59.8,62.5,67.9,58.6,72.2,72.4,48.0,72.9,74.9,67.7,71.3,72.8,31.9,41.3,36.1,42.4,32.6,52.2,59.5,53.6,65.0,56.1,31.0,30.2,31.4,29.4,47.6,39.4,34.1,32.7,35.8,60.1,44.2,41.1,35.1,55.9,22.7,21.1,18.7,18.7,36.1,2.6,3.0,3.8,3.8,1.1,82.1,82.3,83.9,83.9,84.5,5.2,6.5,6.5,7.1,92.9
Cherry Hill,833,818,845,830,803,412,391,420,452,430,584,547,514,530,500,778,817,805,779,370,412,444,430,507,493,519,490,97.6,97.9,96.9,96.4,95.7,0.5,0.8,1.0,1.0,1.1,0.0,0.7,1.6,2.0,2.4,14.3,21.5,18.9,18.7,24.8,17.0,19.2,19.5,18.4,20.9,44.2,50.6,46.7,44.0,46.2,10.5,7.2,10.5,10.5,91.3,92.3,88.5,94.1,19.6,17.7,17.9,17.7,68.3,82.1,84.8,69.6,57.9,64.7,72.7,32.6,68.5,54.1,56.7,65.2,36.4,64.3,52.3,64.1,54.3,30.5,67.5,55.7,67.3,61.1,67.4,34.0,32.7,29.7,32.0,15.0,54.9,57.0,45.9,47.2,40.7,29.7,29.6,27.2,26.4,41.5,32.0,27.2,36.4,25.3,49.6,43.6,40.7,37.7,42.2,23.2,25.0,21.9,21.9,23.7,3.9,4.9,3.2,3.2,2.8,76.4,85.3,84.4,84.4,78.8,8.9,9.6,9.6,10.3,85.8
Chinquapin Park/Belvedere,381,391,388,362,367,228,216,207,203,206,351,338,306,307,272,368,369,352,357,203,199,196,195,301,291,299,263,93.3,91.7,90.4,91.3,91.6,3.6,4.7,4.8,5.0,5.4,0.4,2.0,2.7,1.7,1.5,10.5,12.3,10.6,10.5,14.2,9.2,10.6,6.3,12.8,12.1,34.5,29.6,31.7,28.3,26.5,6.5,7.2,8.0,7.2,79.6,75.7,68.1,75.3,15.4,16.7,16.6,15.2,68.1,73.1,84.3,86.6,87.0,89.4,77.0,60.7,82.1,83.1,80.6,71.6,69.0,73.8,75.0,79.5,79.5,47.8,87.7,83.8,83.3,90.4,81.2,30.3,37.3,41.5,44.4,26.6,42.4,51.7,59.7,66.7,62.5,44.7,38.1,31.3,39.2,43.9,44.0,32.7,35.8,42.0,59.4,47.1,56.2,60.5,55.8,22.7,23.6,14.8,14.8,29.2,4.3,2.4,2.6,2.6,0.7,76.4,84.1,82.4,82.4,80.9,5.6,7.3,7.3,6.5,83.7
Claremont/Armistead,538,605,575,671,659,267,259,274,312,299,343,356,338,369,355,548,557,645,630,234,257,295,292,309,323,354,341,58.7,57.4,56.2,57.4,54.9,23.8,20.9,19.2,17.4,17.4,14.4,18.6,21.6,23.2,25.7,14.1,12.7,9.9,11.9,10.2,15.4,13.9,12.4,9.0,11.4,41.4,44.7,42.0,38.5,37.7,4.8,4.8,3.8,4.1,81.9,86.6,81.0,88.9,15.6,13.6,13.8,13.8,77.6,86.8,84.0,82.9,86.5,83.5,87.9,46.2,57.3,77.7,68.7,78.5,58.2,70.1,72.6,75.0,83.8,56.0,83.6,77.9,77.4,82.7,74.8,32.6,43.2,48.7,46.7,32.6,56.2,60.8,67.6,66.3,60.9,27.3,35.9,32.5,27.5,50.6,51.9,46.0,38.7,35.0,57.5,48.2,43.1,47.7,52.8,28.6,21.6,22.2,22.2,38.9,3.2,1.4,6.1,6.1,1.7,80.3,81.5,78.4,78.4,81.2,4.9,6.4,6.4,5.4,89.3
Clifton-Berea,879,787,754,772,723,523,439,426,421,387,784,678,588,555,535,734,734,741,707,410,420,407,378,605,577,541,522,98.2,98.6,98.4,98.4,98.5,0.3,0.6,0.7,0.6,0.5,0.4,0.5,0.5,0.5,0.6,15.4,23.0,16.6,16.2,18.4,18.0,21.0,21.6,16.4,19.9,42.2,48.5,51.0,43.4,46.9,10.4,11.3,10.2,9.0,89.9,91.9,82.9,93.0,16.8,16.3,15.9,16.3,69.4,78.1,79.0,62.5,77.7,57.5,57.4,30.5,62.5,67.6,48.9,54.7,34.5,64.6,53.9,50.7,51.5,24.8,70.8,61.7,52.1,65.2,58.1,25.2,33.6,26.9,19.8,9.6,42.8,53.9,43.9,47.4,45.5,24.5,26.1,23.0,17.5,40.7,33.5,25.8,29.5,26.6,46.8,40.2,34.3,33.3,52.7,23.1,20.0,20.3,20.3,29.7,4.6,5.5,6.0,6.0,2.2,77.7,80.8,81.3,81.3,65.1,8.9,9.9,9.9,10.4,69.9
Cross-Country/Cheswolde,194,259,254,210,206,108,140,128,114,113,124,160,144,140,147,232,244,200,201,122,125,104,108,139,138,127,139,74.4,75.2,79.2,77.1,76.0,4.9,8.4,6.4,8.4,10.7,4.7,6.6,6.8,7.3,8.2,8.8,8.1,5.9,11.0,9.2,1.9,4.3,6.3,7.0,9.7,26.6,26.3,22.9,22.9,27.9,5.9,3.2,3.8,1.3,56.4,63.1,56.8,64.9,14.3,14.1,14.2,13.4,43.9,70.7,69.2,86.4,83.0,81.5,76.1,60.7,90.9,84.4,75.9,78.3,61.3,66.7,85.4,76.2,73.3,36.0,76.2,90.2,90.5,86.7,76.0,58.3,54.3,64.9,69.2,45.5,72.2,76.5,89.5,78.4,84.8,42.4,46.2,43.6,46.8,70.3,73.1,53.8,46.7,52.9,71.4,63.3,51.2,71.0,78.1,34.0,40.0,23.5,23.5,43.5,2.4,3.1,0.7,0.7,2.0,76.9,80.0,75.8,75.8,87.9,2.9,3.9,3.9,4.5,96.7
Dickeyville/Franklintown,219,233,209,221,245,124,115,103,110,97,183,157,150,126,119,210,187,211,230,101,97,104,91,139,147,119,120,97.5,97.8,96.7,97.2,96.7,0.5,1.0,2.0,1.5,1.1,0.5,0.9,1.1,1.1,1.7,10.5,12.4,7.7,10.4,17.6,22.6,19.1,10.7,10.9,16.5,36.1,38.2,42.0,42.1,45.4,8.9,7.6,7.2,7.2,81.4,82.0,72.3,85.6,9.8,11.7,13.3,14.2,57.5,80.9,84.8,94.4,60.0,78.6,89.1,46.9,88.9,60.0,73.8,87.0,70.0,73.5,66.7,90.3,74.1,50.0,85.3,76.9,83.9,69.2,79.5,21.3,26.8,40.0,44.8,38.2,48.9,70.7,52.0,69.0,52.9,43.1,47.6,32.7,31.0,44.4,47.6,42.2,33.3,20.5,54.5,51.1,48.6,57.1,54.5,20.5,22.4,25.0,25.0,39.4,2.7,1.3,2.0,2.0,3.4,78.6,80.0,84.8,84.8,65.2,6.9,7.1,7.1,6.7,89.9
Dorchester/Ashburton,578,644,642,618,637,404,376,340,325,330,732,656,599,557,518,607,618,598,611,352,331,318,322,599,580,535,500,97.6,97.4,97.1,97.2,97.4,0.4,1.2,0.9,0.9,0.7,0.2,0.9,1.1,1.2,1.2,11.1,14.0,11.2,11.5,15.9,9.4,13.8,13.2,9.2,16.7,37.0,35.5,32.1,30.0,32.6,9.3,8.7,9.2,7.5,78.6,79.2,73.3,83.1,16.4,15.9,17.4,16.9,40.3,65.0,58.9,82.1,73.9,72.5,77.3,40.7,78.6,73.0,66.1,67.6,56.7,71.9,72.1,78.7,66.4,43.8,80.2,85.6,79.7,68.4,71.4,31.4,38.2,31.1,41.2,29.5,60.2,61.8,59.1,59.6,62.9,37.6,37.9,29.7,33.5,52.1,38.7,32.2,35.2,38.1,56.3,50.6,43.8,50.5,61.1,21.8,19.8,17.2,17.2,40.2,4.5,3.0,4.1,4.1,1.2,80.7,79.3,81.8,81.8,85.4,7.7,9.8,9.8,8.8,95.7
Downtown/Seton Hill,111,78,94,107,116,45,56,43,47,50,80,75,72,71,77,75,86,99,109,54,42,44,47,65,69,67,77,93.0,92.2,89.1,86.7,84.0,2.2,2.8,4.8,7.1,7.8,1.1,0.4,2.4,2.0,2.9,8.1,23.1,12.8,14.0,7.8,22.2,25.0,14.0,14.9,16.0,40.0,36.0,38.9,40.8,45.5,4.8,7.5,8.9,9.3,84.4,86.6,76.2,86.3,17.0,18.4,17.3,16.9,70.4,91.3,75.0,60.0,80.0,66.7,61.1,44.0,60.0,85.0,80.0,55.6,52.0,62.5,77.8,46.2,61.1,42.9,79.2,44.4,61.5,52.9,57.1,23.5,25.0,33.3,47.4,44.4,52.9,37.5,55.6,57.9,66.7,41.2,45.0,53.6,26.1,45.5,33.3,43.5,35.0,31.0,54.5,47.1,36.8,44.4,33.3,32.4,25.0,13.8,13.8,50.0,5.0,1.3,0.0,0.0,0.0,82.4,90.9,93.3,93.3,91.3,6.7,8.1,8.1,10.8,89.0
Edmondson Village,520,532,494,475,448,325,341,309,293,284,614,584,505,483,474,504,476,462,434,313,304,288,275,540,503,469,464,99.0,99.0,99.1,98.9,98.8,0.3,0.3,0.2,0.2,0.5,0.1,0.5,0.5,0.7,0.5,16.7,17.1,12.3,14.5,11.6,38.2,12.9,18.4,14.7,9.2,45.1,45.5,42.4,35.8,36.7,11.8,9.5,11.7,6.2,86.0,84.0,79.4,87.5,16.9,16.2,17.2,16.9,77.8,74.5,87.0,80.8,54.5,51.0,66.3,50.6,74.7,53.6,46.9,65.0,55.3,57.0,65.6,63.9,54.5,33.3,78.0,77.1,71.4,60.2,73.1,31.7,31.4,32.0,25.3,35.6,57.4,52.3,50.0,53.0,48.3,35.6,33.0,32.1,22.5,45.5,45.5,32.8,35.0,33.9,56.4,54.2,43.3,56.0,51.8,22.3,19.7,18.0,18.0,27.7,3.1,3.8,1.4,1.4,1.9,77.7,77.0,83.6,83.6,79.2,7.5,9.8,9.8,7.9,96.6
Fells Point,188,162,184,190,207,59,54,58,69,73,100,72,68,84,94,145,176,186,202,48,53,66,69,60,59,77,95,28.5,16.2,15.1,22.2,24.6,20.5,26.4,25.9,24.8,25.1,43.0,51.1,53.1,48.2,45.7,6.9,4.9,5.4,6.8,7.7,11.9,5.6,13.8,8.7,17.8,43.0,48.6,44.1,27.4,33.0,6.2,4.1,5.2,7.3,73.8,75.5,71.6,75.9,16.6,13.7,15.6,13.2,64.0,50.0,88.7,87.8,92.3,86.1,77.5,77.8,78.0,73.1,82.9,77.5,83.3,75.9,72.7,84.6,79.2,80.0,82.8,90.5,88.5,87.0,88.5,42.9,42.9,72.7,54.5,47.4,76.2,57.1,72.7,81.0,70.6,41.7,22.2,51.9,35.7,66.7,42.9,31.3,66.7,52.2,63.6,50.0,72.2,66.7,75.0,44.4,26.7,31.8,31.8,26.7,4.0,2.8,8.3,8.3,3.2,72.2,92.3,53.8,53.8,83.3,3.1,1.9,1.9,3.7,86.8
Forest Park/Walbrook,551,583,548,599,615,369,330,318,328,331,603,535,463,510,469,528,532,566,596,305,310,314,324,487,446,485,464,97.8,97.8,97.9,97.7,97.7,0.5,0.5,0.6,0.6,0.8,0.4,1.1,0.9,1.1,1.3,13.1,14.8,8.4,9.8,14.0,16.3,17.6,17.0,12.8,14.2,41.1,43.2,40.0,32.7,38.2,8.1,9.0,9.0,9.1,83.9,84.2,76.4,86.1,19.9,18.1,17.9,16.3,70.7,75.4,79.6,83.8,82.5,80.4,75.5,50.9,74.3,80.6,79.3,72.3,59.8,75.3,75.5,85.1,78.8,53.5,85.4,87.3,84.3,76.1,82.5,17.4,30.1,32.5,41.3,32.3,47.1,63.9,55.3,61.5,57.0,39.7,35.7,27.4,35.8,52.9,46.6,35.9,37.7,40.0,60.7,50.0,43.4,55.1,62.0,25.5,24.1,23.5,23.5,29.2,3.8,4.1,4.6,4.6,0.9,74.1,76.4,80.2,80.2,82.4,6.9,9.8,9.8,7.4,78.2
Glen-Fallstaff,421,589,548,630,651,306,333,309,387,364,506,468,446,493,468,538,527,598,614,311,300,343,348,411,434,472,449,88.1,87.6,86.3,83.3,83.1,4.3,3.8,3.8,4.5,4.5,2.4,6.4,7.9,10.1,10.6,8.8,11.5,7.1,9.5,11.2,7.8,9.9,6.1,8.5,12.6,30.8,30.1,32.1,27.4,32.1,8.6,7.2,7.0,5.2,71.5,75.9,69.3,77.5,15.2,15.3,15.4,14.0,61.5,67.7,66.4,69.3,74.3,80.4,73.6,47.8,69.3,70.4,69.1,67.8,57.3,54.5,72.2,69.2,67.0,47.2,77.9,79.6,81.0,77.4,79.2,35.0,54.1,48.5,55.4,43.3,60.2,69.6,63.9,71.3,66.7,45.2,42.1,46.9,39.5,49.2,49.1,41.8,50.7,43.6,62.6,50.0,52.0,52.8,69.6,27.7,31.0,17.7,17.7,42.1,2.2,3.8,2.2,2.2,1.1,79.5,73.4,82.0,82.0,83.2,5.0,6.1,6.1,6.7,84.9
Greater Charles Village/Barclay,388,359,356,382,383,214,200,184,204,188,283,282,269,285,277,333,346,366,376,185,180,193,177,245,258,276,270,88.5,84.8,83.2,84.2,83.8,5.9,7.9,9.3,8.5,8.3,1.8,3.5,4.1,4.1,4.8,11.6,14.2,14.9,12.0,14.1,15.4,13.5,11.4,13.7,16.5,44.5,43.3,37.2,36.8,35.7,7.7,5.9,5.4,5.9,84.2,83.1,77.5,83.5,17.1,14.5,15.2,14.4,74.0,67.9,81.0,77.3,73.9,82.0,69.4,52.2,71.1,58.5,75.0,70.8,64.2,67.1,71.4,77.3,70.5,50.0,78.9,80.4,80.3,85.0,69.1,44.3,29.4,38.5,48.6,42.3,53.2,68.0,71.2,72.2,61.5,33.3,38.0,46.2,38.3,48.1,37.1,52.2,49.4,38.1,58.7,37.3,53.5,54.2,76.1,28.3,24.7,21.3,21.3,32.6,3.9,4.6,3.2,3.2,2.2,76.3,76.9,77.6,77.6,82.9,8.6,10.0,10.0,7.7,99.2
Greater Govans,583,649,613,671,687,381,384,347,372,385,684,619,555,553,537,589,599,651,665,361,338,362,364,558,518,526,512,97.3,97.5,97.0,96.5,96.9,0.6,1.3,1.2,1.8,1.6,0.4,0.6,1.0,1.1,1.1,11.7,16.0,9.6,9.4,10.0,12.1,16.4,10.1,9.7,10.4,33.8,38.9,35.3,34.5,35.8,10.1,8.7,7.5,7.1,81.7,82.3,75.5,85.6,17.9,17.8,16.6,17.5,68.4,85.8,74.1,85.7,75.2,70.5,72.0,47.4,84.8,68.3,67.4,66.9,49.6,67.3,66.1,78.5,68.9,40.2,81.8,75.6,76.7,75.8,78.3,43.4,36.2,41.0,35.2,23.7,64.3,61.5,59.8,65.0,50.0,40.4,35.7,33.9,36.8,48.4,40.5,32.9,35.8,34.4,47.4,45.4,44.9,36.6,56.1,25.2,25.8,30.1,30.1,35.2,3.7,4.2,3.9,3.9,2.0,83.8,91.0,88.7,88.7,86.2,7.1,10.4,10.4,8.6,78.9
Greater Mondawmin,584,549,533,545,578,352,315,307,297,277,592,522,478,501,470,519,517,542,558,299,301,285,267,474,465,475,454,98.2,98.5,98.2,98.6,98.1,0.2,0.6,0.8,0.5,0.8,0.0,0.4,0.5,0.6,0.7,12.3,16.8,10.3,13.6,12.3,11.6,20.6,14.0,11.4,17.3,36.0,37.9,32.8,28.5,34.7,7.5,9.0,8.8,7.0,84.1,83.8,76.9,86.1,16.3,15.9,15.7,15.6,75.3,83.6,83.6,80.0,75.5,86.1,62.6,44.3,69.5,69.4,74.3,58.3,56.4,76.6,69.5,76.2,66.3,52.4,81.9,73.7,79.8,72.4,79.0,27.6,26.4,30.2,31.2,23.2,44.8,52.3,55.7,55.8,51.2,29.6,35.6,36.8,36.5,49.2,38.6,36.4,36.0,42.3,59.8,37.4,48.4,47.0,55.7,22.6,24.6,20.5,20.5,30.1,3.0,4.4,2.9,2.9,1.1,80.2,83.2,82.4,82.4,88.4,8.0,8.9,8.9,8.9,85.5
Greater Roland Park/Poplar Hill,182,256,234,243,241,83,98,107,104,109,54,83,79,74,76,233,226,228,224,85,107,97,104,69,78,75,79,19.1,23.1,20.9,22.9,21.4,55.5,59.4,57.6,58.0,62.7,3.0,3.0,4.5,4.5,3.8,4.9,3.9,3.0,2.1,0.4,6.0,5.1,2.8,3.8,3.7,5.6,8.4,6.3,9.5,5.3,2.1,1.8,0.6,0.0,22.7,15.0,13.7,13.3,7.2,6.4,6.8,6.0,91.3,85.7,95.2,94.9,97.9,90.0,96.4,97.0,100.0,97.8,92.3,96.4,95.0,100.0,97.6,96.2,100.0,90.9,100.0,100.0,100.0,97.7,97.7,56.0,64.3,92.6,81.5,88.9,80.0,85.2,92.3,85.2,94.3,81.8,83.3,92.3,76.5,91.3,94.1,100.0,85.7,81.8,95.0,87.5,89.5,80.0,100.0,68.0,44.4,50.0,50.0,100.0,0.0,1.2,0.0,0.0,0.0,100.0,83.3,100.0,100.0,88.9,1.4,1.2,1.2,1.7,100.0
Greater Rosemont,1452,1457,1444,1418,1410,788,779,804,813,725,1343,1201,1131,1088,1038,1374,1410,1382,1372,727,780,786,714,1083,1103,1055,1031,98.7,98.7,98.2,98.4,98.2,0.3,0.5,0.6,0.5,0.7,0.1,0.6,0.9,0.9,0.9,12.6,16.8,11.1,12.8,14.3,22.1,15.8,13.7,11.8,14.9,43.4,49.0,48.2,38.2,43.9,9.4,7.9,8.0,6.8,88.9,88.8,82.2,91.3,19.2,18.0,18.1,16.7,75.0,75.3,77.5,77.1,66.5,66.9,51.4,36.8,71.2,69.3,57.3,53.5,51.2,70.2,56.5,66.6,59.8,32.2,82.4,77.3,67.6,73.0,65.3,28.1,31.6,29.4,34.7,27.2,49.8,56.0,53.2,58.2,50.7,37.9,32.3,27.6,27.0,48.0,38.4,28.9,33.6,30.4,56.0,46.7,42.2,38.4,44.1,22.6,21.0,21.1,21.1,26.4,4.5,4.2,5.3,5.3,2.6,77.0,78.0,82.5,82.5,79.0,8.8,10.3,10.3,9.8,71.9
Greenmount East,584,529,537,580,581,438,350,318,315,285,627,583,520,490,484,499,529,568,570,325,320,304,281,532,486,470,481,97.9,98.6,98.4,97.9,98.6,0.5,0.4,0.4,0.7,0.6,0.2,0.3,0.5,0.7,0.4,14.7,21.6,20.1,14.5,19.3,23.7,20.9,18.9,14.6,18.2,47.7,49.1,51.0,44.3,46.9,11.9,10.7,12.9,10.4,90.2,89.5,82.6,92.3,19.9,18.8,18.3,19.9,73.5,64.0,80.3,73.7,67.4,70.4,61.4,36.2,64.9,71.6,57.4,60.4,46.5,67.6,59.8,62.8,57.9,24.4,72.2,72.4,71.6,75.8,61.1,26.7,29.1,27.0,29.4,23.9,48.1,49.4,51.5,51.4,44.8,27.8,22.6,30.0,29.0,37.3,34.5,28.9,33.8,29.3,43.3,41.2,38.9,29.4,48.4,24.0,22.7,20.1,20.1,33.0,4.1,5.8,4.9,4.9,3.5,74.1,72.9,83.3,83.3,71.3,8.4,9.3,9.3,12.3,73.4
Hamilton,670,713,636,572,602,427,454,404,397,395,638,604,569,518,497,641,618,548,582,408,401,385,389,555,542,498,486,86.4,85.9,85.8,86.5,85.9,9.1,10.4,10.1,10.1,10.4,1.9,1.7,1.9,1.5,1.9,7.9,13.7,9.9,9.6,13.8,10.1,11.9,11.9,9.8,11.9,30.6,29.3,27.8,23.7,28.6,8.8,7.8,7.9,5.9,74.0,73.2,67.0,73.3,16.4,15.2,16.0,15.9,75.0,63.9,69.2,74.0,70.9,79.7,67.2,58.2,76.4,72.0,75.2,67.2,60.6,68.0,64.3,70.2,68.6,53.1,82.3,84.4,76.6,83.3,77.6,40.8,34.8,51.8,41.2,35.4,65.8,69.3,63.3,73.9,65.4,50.8,50.0,38.7,44.7,64.6,55.2,39.6,42.6,45.9,67.7,52.6,56.9,60.7,67.7,29.9,30.1,21.8,21.8,40.4,4.1,3.3,2.1,2.1,1.2,77.4,81.4,79.3,79.3,80.2,5.8,5.5,5.5,6.4,98.4
Harbor East/Little Italy,381,344,354,402,359,155,161,153,172,182,206,209,194,199,192,332,347,396,347,154,151,169,179,182,178,186,183,93.7,93.7,93.3,91.4,95.8,1.0,1.6,1.4,1.1,1.6,2.6,3.6,3.5,6.8,1.9,14.2,16.6,12.4,20.6,15.0,17.4,18.0,15.0,14.0,11.0,40.8,50.2,47.9,36.2,46.9,6.5,7.1,6.9,6.1,91.4,92.4,86.1,94.8,17.1,17.0,20.1,18.4,59.3,86.4,40.3,82.5,74.7,77.6,70.0,29.3,69.8,54.9,60.3,71.7,47.1,63.6,72.0,80.7,51.4,34.5,70.9,72.0,80.7,63.0,75.9,21.1,44.7,32.6,33.3,26.0,34.2,63.0,54.4,64.6,55.1,33.3,35.6,25.5,29.5,41.7,38.0,26.5,22.6,33.8,54.8,52.7,38.7,29.6,46.7,22.0,14.1,16.3,16.3,18.2,4.9,7.7,7.0,7.0,0.5,66.7,82.4,70.7,70.7,64.7,5.6,8.8,8.8,9.7,74.5
Harford/Echodale,805,828,770,789,797,493,503,451,429,430,679,634,602,581,571,740,738,771,760,464,447,418,413,572,557,564,559,83.0,84.5,84.3,84.4,84.6,12.6,11.2,11.5,11.2,11.1,2.6,2.8,2.9,3.3,3.4,10.8,11.7,7.7,9.4,10.7,10.1,13.1,10.0,9.3,12.1,28.0,28.5,27.1,23.4,25.9,5.4,7.1,6.0,6.1,72.1,71.2,68.0,77.3,17.4,18.4,17.0,18.0,78.8,82.9,81.2,81.6,75.7,77.6,72.6,58.7,73.5,73.6,70.2,68.7,68.4,74.2,73.2,79.3,69.2,50.0,83.9,85.0,86.1,78.9,74.6,44.2,38.4,52.3,50.0,38.9,63.9,72.0,73.2,68.3,61.1,47.9,53.4,49.2,43.9,58.9,45.8,48.6,51.1,48.9,63.9,60.7,57.1,53.3,70.7,35.4,24.7,25.3,25.3,35.3,2.7,3.0,1.1,1.1,0.9,84.1,84.0,86.0,86.0,83.2,5.4,5.9,5.9,5.8,88.4
Highlandtown,239,257,267,299,316,109,117,135,127,126,133,136,117,139,148,231,254,286,288,106,126,123,116,119,109,125,140,33.9,28.2,25.8,25.2,20.8,27.0,25.5,23.6,23.2,21.9,34.5,41.4,45.1,48.0,54.2,10.5,14.8,10.1,11.7,12.7,19.3,21.4,15.6,11.8,17.5,51.1,53.7,51.3,43.2,39.9,7.5,5.9,6.2,5.3,83.2,84.0,78.2,84.4,15.0,11.9,11.8,11.5,72.9,66.7,71.9,77.5,73.9,71.4,66.7,48.4,77.5,64.4,63.8,65.0,36.6,71.8,66.7,63.4,63.4,65.9,71.8,81.1,75.6,74.4,80.0,41.5,35.7,44.4,52.3,39.5,73.2,60.7,70.6,68.2,63.4,36.4,31.1,25.6,28.6,40.7,41.9,41.7,22.9,39.5,71.0,33.3,43.9,22.2,48.5,33.9,35.7,12.8,12.8,29.2,4.5,2.9,10.3,10.3,3.4,61.9,74.3,75.0,75.0,73.9,8.0,6.4,6.4,4.7,84.1
Howard Park/West Arlington,492,527,438,490,500,314,282,270,256,263,519,484,403,418,412,467,422,471,476,253,256,246,254,437,385,403,394,95.7,96.5,96.2,96.0,96.5,0.6,1.0,0.8,0.8,0.5,0.9,1.5,1.9,2.0,1.9,6.5,9.9,10.3,12.0,10.4,11.5,13.8,15.2,14.1,10.3,37.2,32.2,29.0,26.6,32.0,8.5,7.2,8.0,6.5,77.1,78.5,70.0,81.1,17.1,15.4,15.3,15.9,59.8,71.3,89.2,86.5,83.3,85.9,74.0,48.9,82.0,76.3,77.5,72.0,50.7,82.1,67.3,55.8,54.6,40.3,91.7,76.2,79.2,74.2,80.5,31.5,34.8,38.6,39.0,36.4,55.4,58.0,60.0,71.3,62.1,38.2,43.8,37.7,31.4,48.9,49.7,50.0,37.3,43.1,61.4,49.7,45.5,46.4,65.7,25.0,20.4,23.6,23.6,26.5,3.7,2.5,2.9,2.9,0.7,83.6,78.8,79.8,79.8,79.2,6.8,6.5,6.5,8.4,84.7
Inner Harbor/Federal Hill,210,231,236,226,237,92,68,91,76,90,127,107,93,92,83,201,222,218,230,65,87,75,87,97,91,86,83,48.5,38.8,42.3,43.3,44.9,41.4,49.6,46.5,47.8,45.6,4.7,5.6,5.2,3.9,4.6,9.0,11.3,7.6,7.5,13.1,17.4,11.8,13.2,15.8,15.6,38.6,42.1,43.0,34.8,30.1,6.3,4.1,6.4,8.6,69.4,70.3,58.3,61.0,20.3,15.7,14.7,13.0,75.8,89.1,90.0,80.6,83.3,86.5,91.4,72.1,96.8,83.3,84.6,94.3,77.3,75.0,62.9,58.8,78.3,70.0,90.0,85.7,73.5,91.3,87.5,76.7,46.2,43.8,53.3,46.4,76.7,61.5,53.1,60.0,57.1,28.3,36.1,34.4,37.0,66.7,32.6,50.0,13.0,41.7,79.2,59.1,44.0,71.4,63.2,36.7,17.9,17.4,17.4,42.9,3.9,3.7,3.2,3.2,3.6,72.7,70.6,73.1,73.1,70.6,5.4,6.8,6.8,5.3,100.0
Lauraville,560,597,528,597,604,364,333,352,357,358,647,540,477,506,474,561,511,574,576,300,335,346,348,494,453,488,458,87.7,84.3,83.7,84.5,85.9,8.2,11.1,11.4,11.6,10.7,1.6,1.7,1.8,2.0,2.0,9.6,14.7,7.6,8.0,11.6,11.3,10.2,10.8,9.5,10.1,31.7,30.7,32.9,29.6,25.3,6.7,7.0,7.0,6.1,72.1,70.5,65.7,74.7,19.9,16.5,16.6,16.5,71.7,78.6,62.5,84.9,77.7,76.8,72.2,58.7,81.7,76.7,73.7,73.0,72.2,68.4,70.5,69.5,72.4,43.6,73.4,79.6,87.6,78.1,82.9,34.5,38.5,55.3,42.6,37.0,53.8,74.7,64.1,71.8,70.8,40.5,44.1,38.7,40.6,56.8,41.8,37.3,43.4,43.4,64.6,42.1,50.9,52.9,62.8,25.1,23.3,22.5,22.5,33.7,2.8,2.4,2.1,2.1,1.3,73.9,80.3,80.5,80.5,86.4,6.5,7.2,7.2,6.6,98.1
Loch Raven,793,946,913,916,929,549,480,421,407,464,758,741,704,696,636,872,873,894,897,437,416,399,453,676,662,676,614,96.6,97.3,97.3,97.3,97.1,0.8,0.8,0.5,0.4,0.6,0.2,0.6,1.0,1.0,1.6,6.6,10.6,7.2,7.1,10.9,8.4,9.6,8.8,5.7,6.7,31.4,28.7,22.6,21.7,24.4,7.5,7.1,8.3,6.3,75.3,73.7,68.8,76.5,14.0,13.6,15.0,14.8,61.1,73.1,78.3,85.9,83.6,84.2,78.1,66.7,83.0,83.1,81.3,75.9,69.9,80.7,81.3,81.1,73.9,56.4,85.5,87.7,91.2,88.0,82.1,29.9,36.0,42.0,45.2,31.7,52.9,62.9,69.4,67.7,61.2,40.9,48.5,42.4,37.4,61.1,46.3,44.6,40.4,44.5,62.7,49.4,51.0,54.7,66.4,30.2,25.9,24.8,24.8,47.6,2.8,2.7,2.2,2.2,0.8,81.0,87.3,87.3,87.3,86.6,5.3,5.7,5.7,5.4,99.7
Madison/East End,915,771,730,744,696,594,410,425,391,365,717,567,513,504,494,739,708,722,675,389,418,376,363,506,488,479,481,95.7,95.6,95.4,94.7,93.2,1.2,1.0,0.9,1.2,1.5,2.0,3.0,3.2,3.6,4.6,13.6,21.8,17.1,16.3,18.4,24.4,23.9,27.1,17.1,18.9,53.3,60.1,56.9,50.4,53.2,10.7,9.9,9.1,8.6,92.7,92.5,84.7,93.9,17.2,18.2,18.8,18.2,54.1,59.4,61.0,73.8,64.8,69.5,59.6,42.5,78.1,61.9,55.0,59.9,47.5,83.2,62.7,69.5,55.9,34.5,85.7,73.9,75.2,75.6,65.5,21.5,23.9,40.3,16.0,24.3,42.4,45.1,53.2,47.7,49.0,21.6,25.6,24.6,27.2,44.2,28.1,24.7,26.3,28.8,52.1,28.3,25.3,26.2,48.7,17.3,18.2,17.0,17.0,29.0,4.5,5.3,9.3,9.3,2.8,77.7,75.4,72.9,72.9,69.3,10.4,11.5,11.5,11.1,72.4
Medfield/Hampden/Woodberry/Remington,470,524,517,526,521,252,285,267,252,249,364,333,333,334,311,487,494,493,501,262,256,235,242,295,318,327,309,28.8,28.3,29.9,26.3,24.4,57.6,58.6,56.6,59.9,60.4,4.1,4.8,4.7,5.7,5.5,16.4,18.5,13.0,16.9,16.5,15.5,19.6,10.9,13.9,18.5,41.2,35.1,39.3,30.8,36.7,5.4,3.8,5.2,3.8,66.2,69.3,62.4,67.7,14.0,13.6,13.9,14.3,44.8,50.8,68.0,95.3,79.5,93.4,90.1,69.0,88.2,85.4,89.3,76.0,78.7,88.7,87.6,84.0,78.9,64.4,93.0,90.5,91.6,83.8,89.5,50.7,56.7,58.1,59.1,58.1,69.6,74.7,73.8,80.0,75.7,54.4,56.0,54.0,56.8,75.3,60.7,55.7,60.9,60.4,77.9,59.1,62.4,56.4,85.7,37.2,32.5,29.4,29.4,55.0,3.6,5.7,2.7,2.7,4.5,77.9,81.1,78.1,78.1,80.4,3.8,4.4,4.4,3.1,86.3
Midtown,245,208,203,197,198,107,80,91,92,105,166,149,152,141,121,190,195,185,195,76,88,89,103,134,148,135,116,82.2,78.4,77.8,75.2,75.9,10.4,12.7,12.3,14.7,13.7,2.3,4.2,5.6,6.9,6.6,9.4,18.3,10.8,11.2,15.7,22.4,11.3,14.3,10.9,22.9,34.9,41.6,40.1,32.6,41.3,8.8,5.7,7.2,6.7,75.7,73.5,65.5,69.7,17.0,14.4,13.1,13.1,58.5,73.7,72.5,70.0,71.1,89.5,79.3,48.8,85.0,68.4,81.6,73.3,77.4,72.7,63.4,83.3,73.5,72.5,87.9,78.1,83.3,74.3,92.7,23.3,25.0,35.3,41.7,30.3,41.9,60.0,82.4,75.0,60.6,56.3,47.8,37.8,41.7,54.5,53.3,49.0,30.4,42.6,64.3,50.0,43.2,52.9,64.0,28.1,28.6,24.0,24.0,35.0,5.4,4.0,3.2,3.2,4.1,67.6,75.0,91.4,91.4,78.8,5.9,8.9,8.9,7.1,98.4
Midway/Coldstream,750,720,699,707,733,460,403,413,451,419,709,599,560,573,558,683,678,701,724,387,411,436,416,553,535,559,551,98.5,99.2,98.9,98.6,98.7,0.2,0.3,0.3,0.3,0.2,0.1,0.3,0.3,0.5,0.6,15.6,19.7,15.9,11.0,17.1,22.2,25.1,21.3,16.9,21.5,44.6,51.9,48.9,44.5,40.1,11.1,11.1,9.6,10.2,88.7,90.3,81.9,92.3,17.6,17.1,17.3,17.7,54.8,75.7,79.7,77.0,76.4,74.8,63.0,43.5,77.0,71.8,62.5,60.1,54.2,69.5,63.6,67.5,57.4,45.0,84.1,80.5,70.2,74.3,71.9,29.9,40.2,39.5,29.7,20.3,47.2,61.7,60.6,51.4,47.8,36.0,36.8,35.0,26.6,43.9,37.4,28.1,31.3,32.0,40.9,52.8,42.9,30.3,56.4,26.2,22.5,22.3,22.3,28.8,4.1,4.5,4.9,4.9,2.5,81.8,76.2,73.0,73.0,85.0,10.9,9.9,9.9,10.1,88.6
Morrell Park/Violetville,429,455,448,467,446,252,239,242,235,253,208,232,229,228,235,401,423,439,433,222,236,226,235,197,217,217,234,22.4,26.6,25.2,28.0,28.9,67.4,61.6,61.3,58.8,57.6,4.9,6.3,7.0,7.6,7.3,17.0,16.7,16.3,16.1,20.6,19.8,15.1,16.5,21.3,22.5,26.4,39.7,40.6,38.2,35.7,4.5,4.9,5.1,5.6,71.9,76.7,69.6,80.5,15.2,14.1,13.4,12.7,55.6,78.7,80.7,95.2,83.3,79.5,77.4,60.2,81.0,82.9,73.5,69.0,67.5,80.6,78.3,85.3,68.6,38.0,93.1,78.3,86.7,77.9,73.2,57.0,61.5,44.6,44.9,29.6,57.0,72.3,62.2,78.2,72.1,59.0,53.0,40.9,41.8,57.7,57.9,52.2,56.4,53.0,67.3,73.8,66.7,65.3,72.1,51.8,33.3,31.6,31.6,40.0,3.4,3.0,3.0,3.0,3.4,95.2,81.5,91.5,91.5,84.0,3.9,3.9,3.9,5.4,61.3
Mount Washington/Coldspring,137,188,195,187,192,82,81,82,65,75,58,85,87,85,73,177,192,168,185,74,81,61,72,78,83,85,72,49.0,53.9,50.3,47.1,47.1,39.9,36.8,39.5,40.9,40.0,1.3,2.1,2.0,2.8,3.8,4.4,6.9,5.1,3.7,1.0,6.1,6.2,6.1,4.6,4.0,10.3,14.1,13.8,14.1,9.6,2.0,2.6,3.7,2.7,30.1,35.0,27.9,28.6,8.8,11.2,11.8,8.8,66.7,80.5,100.0,89.5,100.0,97.1,90.5,93.9,89.5,91.2,94.3,93.0,97.1,87.5,85.7,70.3,92.3,81.5,95.8,89.3,83.8,100.0,88.9,50.0,65.4,81.8,80.0,60.0,60.7,76.9,90.9,93.3,84.0,68.8,67.9,75.0,71.4,84.2,86.7,66.7,69.6,68.2,77.8,80.0,76.2,95.2,100.0,51.9,52.4,47.4,47.4,62.5,5.2,3.5,1.1,1.1,1.4,85.7,86.7,87.5,87.5,90.0,2.5,4.1,4.1,1.8,83.7
North Baltimore/Guilford/Homeland,262,259,247,273,284,88,111,110,147,143,120,100,100,118,141,242,240,254,278,92,106,140,138,95,97,111,131,46.6,38.1,34.8,40.1,37.0,42.4,52.1,53.6,50.2,51.6,1.2,2.0,1.9,3.7,4.0,7.3,3.1,3.6,4.0,4.6,4.5,5.4,3.6,8.8,7.0,20.0,18.0,21.0,22.9,17.0,2.6,2.0,3.2,3.2,35.1,29.4,24.8,28.2,12.2,10.5,10.4,9.4,83.6,89.1,95.0,88.6,91.7,93.6,88.9,97.8,90.9,90.0,91.3,100.0,96.5,81.7,86.7,80.0,81.4,87.8,86.7,91.1,88.9,96.5,92.7,38.5,69.6,68.8,80.0,78.6,53.8,91.7,87.5,94.5,90.5,70.8,75.9,64.0,63.4,80.0,76.7,73.9,62.9,54.3,87.2,85.7,85.2,70.6,91.9,53.1,40.0,27.3,27.3,57.1,0.0,2.0,1.9,1.9,2.1,96.3,95.5,80.0,80.0,73.1,2.6,2.4,2.4,2.6,100.0
Northwood,643,694,663,670,690,448,394,352,359,364,753,679,587,550,548,646,645,646,665,368,345,340,354,621,562,537,535,96.1,97.8,97.2,96.7,96.2,1.2,1.1,1.3,1.4,1.6,0.4,0.7,0.9,1.5,1.8,9.2,13.1,8.3,9.4,11.7,13.4,12.4,9.7,7.2,9.3,28.7,30.6,28.4,26.7,29.7,7.9,7.2,7.6,6.4,76.6,74.6,71.0,78.6,15.0,13.9,14.8,14.1,69.3,69.6,78.1,85.7,81.6,85.1,83.7,64.4,91.6,76.8,74.6,77.0,64.2,81.0,76.9,86.3,77.0,52.5,90.0,83.5,85.5,82.0,81.4,31.8,35.6,57.8,45.3,30.3,50.8,69.2,72.6,69.5,52.9,38.0,36.0,36.2,36.5,58.9,38.6,35.8,32.0,43.2,54.8,50.0,49.5,40.2,74.8,26.0,23.9,22.7,22.7,38.0,3.1,3.2,3.4,3.4,1.1,78.3,79.7,84.3,84.3,84.4,5.5,6.1,6.1,7.3,99.0
Oldtown/Middle East,738,637,696,738,759,322,352,342,350,333,585,466,432,454,452,604,680,735,747,333,336,340,327,405,416,432,444,96.9,97.5,96.7,96.7,96.4,0.8,0.7,0.8,0.6,0.7,0.5,1.3,1.8,1.9,2.2,16.5,20.9,16.5,16.4,15.9,29.5,25.3,13.7,15.7,15.0,47.2,54.5,52.5,46.0,48.2,9.4,9.1,10.7,9.7,92.0,92.4,85.6,93.0,17.9,17.3,17.3,18.4,72.2,73.0,77.2,73.9,66.4,60.1,65.6,36.4,63.8,65.4,59.1,57.8,50.3,69.9,63.0,69.0,47.8,32.0,72.1,75.9,69.8,61.1,65.6,19.4,16.9,27.9,32.7,16.8,38.0,46.2,52.7,57.0,47.5,26.2,22.5,25.4,21.6,39.6,40.3,27.6,25.9,27.7,46.7,42.0,38.1,41.9,41.7,17.9,17.6,15.2,15.2,27.8,3.6,5.6,6.0,6.0,2.2,67.0,76.0,81.2,81.2,79.1,9.1,9.5,9.5,7.7,68.8
Orangeville/East Highlandtown,448,578,606,663,724,262,273,250,258,296,287,315,314,300,375,511,576,614,682,245,240,238,273,272,295,281,341,25.1,27.1,25.7,22.2,21.1,36.2,25.6,22.5,21.0,19.6,34.6,43.4,48.0,53.9,56.6,10.5,13.5,13.0,11.9,11.7,21.4,19.0,19.2,13.2,13.5,42.5,47.6,46.2,41.7,38.9,4.4,5.3,5.3,3.8,81.1,85.2,79.4,88.1,18.3,16.1,14.0,13.1,76.8,75.6,70.0,85.3,78.4,74.2,58.9,49.2,67.6,70.7,61.5,65.1,52.7,87.5,76.1,70.3,72.5,39.7,79.2,74.7,74.4,77.6,74.4,43.9,45.8,49.4,46.5,30.3,41.5,67.1,52.6,66.7,57.6,33.7,30.9,31.6,34.3,39.4,45.5,48.7,38.3,36.7,47.9,42.3,42.9,39.7,58.4,33.1,15.4,19.8,19.8,23.4,4.2,2.5,10.9,10.9,3.2,72.1,69.5,67.2,67.2,82.0,5.1,6.3,6.3,5.3,87.3
Patterson Park North & East,930,829,827,936,925,506,360,404,473,491,647,513,489,535,562,765,785,894,880,333,387,447,476,463,466,499,525,74.5,70.3,66.7,63.4,61.1,7.5,7.8,8.4,7.6,6.1,14.9,19.1,22.1,26.8,30.5,10.4,13.4,10.5,10.4,14.7,21.5,22.2,23.3,15.0,16.3,46.1,49.7,47.4,41.5,43.8,8.8,8.3,7.9,9.1,88.2,89.9,81.6,89.7,16.4,16.9,15.1,14.3,53.5,62.9,66.3,79.3,74.4,79.1,71.6,50.0,75.1,66.9,65.2,65.0,51.4,83.6,66.0,79.6,73.5,44.7,87.0,71.2,84.5,79.6,73.6,32.2,32.7,47.3,33.6,23.2,49.8,62.5,56.5,64.7,50.0,35.1,26.2,31.3,32.4,40.2,37.5,37.9,33.8,31.1,52.5,42.3,42.1,41.4,47.0,25.3,20.9,22.2,22.2,20.6,4.2,4.3,8.0,8.0,1.6,70.7,81.6,72.5,72.5,81.4,7.2,8.0,8.0,6.5,93.4
Penn North/Reservoir Hill,597,654,666,660,641,338,349,350,342,330,601,552,495,516,454,624,648,636,625,329,341,334,329,510,483,487,443,97.7,98.2,98.2,97.4,97.1,0.8,0.7,0.9,1.2,1.2,0.2,0.6,0.6,0.8,1.1,10.7,18.2,15.0,14.4,14.4,17.5,20.1,19.4,15.5,14.5,43.9,51.6,48.3,41.9,49.8,12.3,9.9,11.7,10.1,89.8,89.7,82.3,90.6,18.8,18.5,18.6,18.4,66.9,79.3,81.9,75.2,80.4,72.9,75.2,34.5,70.2,69.2,66.9,59.0,44.9,61.1,49.1,68.0,78.9,50.0,91.1,73.9,69.7,72.6,83.3,27.4,23.0,24.5,21.0,26.0,49.5,49.5,47.7,58.8,44.6,28.7,34.1,28.3,25.8,33.9,37.4,30.1,26.7,29.1,45.6,42.5,37.7,33.8,66.2,18.1,21.5,16.2,16.2,29.6,5.3,5.8,4.8,4.8,2.0,72.7,80.3,71.3,71.3,78.1,8.4,11.2,11.2,9.0,81.9
Pimlico/Arlington/Hilltop,821,830,769,744,695,465,441,440,424,443,714,718,632,591,550,773,742,719,673,410,429,414,435,653,610,567,530,98.4,97.8,97.9,97.6,97.7,0.3,0.8,0.7,0.9,1.1,0.3,0.5,0.7,0.9,0.7,13.3,14.2,9.9,12.5,15.1,13.1,17.2,10.7,13.0,17.2,45.1,44.4,41.9,39.1,46.4,9.0,8.7,8.7,9.9,87.8,85.8,79.5,89.2,17.9,16.6,17.4,17.0,75.2,56.7,80.9,77.7,64.3,67.8,58.7,35.1,71.9,61.7,67.3,64.0,55.6,55.5,56.9,65.9,59.2,31.9,81.1,81.1,67.4,66.2,74.5,24.8,30.1,33.3,39.4,27.0,54.2,60.3,59.0,62.4,59.4,35.8,41.6,37.6,29.8,35.8,42.1,38.4,34.6,31.6,50.0,45.8,50.5,36.7,40.4,25.8,30.2,19.6,19.6,23.4,5.7,5.0,3.4,3.4,1.1,80.4,85.2,86.8,86.8,76.7,7.3,8.8,8.8,9.0,91.5
Poppleton/The Terraces/Hollins Market,411,360,350,349,361,236,202,198,188,177,299,305,290,286,251,337,342,343,358,190,192,185,171,279,280,282,247,95.9,95.4,95.8,96.7,96.3,2.0,2.8,2.6,1.9,2.4,0.5,1.2,1.0,1.0,1.1,14.1,27.8,19.1,21.5,23.8,21.2,18.8,22.2,23.4,27.7,50.2,45.9,46.6,39.9,49.4,10.7,10.8,11.3,13.0,91.2,88.7,84.1,93.3,22.9,17.6,21.0,19.2,56.0,48.7,84.2,73.2,59.7,60.0,60.7,26.8,65.9,66.1,58.6,58.3,44.2,68.7,62.9,55.0,40.7,28.9,86.6,72.1,68.9,58.2,69.8,19.2,28.8,32.2,32.7,18.2,50.0,50.0,52.5,52.8,48.1,24.4,33.3,24.2,27.2,35.0,44.4,31.3,32.3,36.6,44.1,47.3,49.4,28.6,45.7,25.6,18.6,20.2,20.2,15.2,5.2,3.3,4.0,4.0,3.6,75.0,77.4,76.2,76.2,76.4,10.5,11.1,11.1,9.7,88.3
Sandtown-Winchester/Harlem Park,1184,1090,1108,1137,1136,617,529,555,551,560,1105,924,838,783,742,1037,1075,1116,1112,514,541,543,552,840,808,755,739,98.3,98.8,98.7,98.4,98.6,0.6,0.5,0.5,0.4,0.4,0.1,0.5,0.6,1.0,0.8,13.7,21.8,14.1,13.0,18.8,18.3,19.7,15.5,14.7,15.7,41.9,51.3,49.3,43.4,46.1,9.6,9.1,10.6,8.5,89.4,89.4,82.2,93.3,17.7,16.8,17.5,16.9,69.3,70.3,83.6,71.2,59.8,57.1,57.3,38.0,65.4,56.4,54.8,50.9,46.4,58.8,47.6,66.5,56.3,32.3,75.4,67.9,69.9,61.6,60.5,22.3,22.4,29.4,25.3,20.0,39.6,49.0,47.2,49.4,44.4,29.6,28.9,29.1,27.4,43.6,32.9,30.6,31.1,32.9,45.6,46.4,37.7,32.2,44.1,22.8,17.8,22.0,22.0,29.3,6.6,6.7,4.5,4.5,1.9,75.5,73.5,80.5,80.5,77.4,10.6,11.3,11.3,9.7,84.4
South Baltimore,132,120,114,142,151,55,54,64,55,55,76,63,63,55,50,109,113,139,145,48,64,52,52,58,59,50,48,11.0,7.4,8.9,8.2,7.0,78.9,82.4,84.4,87.0,87.9,3.9,5.4,2.9,2.1,2.7,15.9,5.0,7.9,11.3,7.9,27.3,20.4,21.9,16.4,20.0,42.1,34.9,33.3,27.3,36.0,2.6,1.9,3.9,2.0,59.4,63.7,55.2,57.6,21.1,16.3,15.2,11.2,73.3,92.1,90.5,100.0,96.0,94.4,86.2,82.6,94.4,92.0,88.9,86.2,87.0,81.8,73.9,100.0,89.5,57.9,86.4,95.5,86.7,94.7,94.7,45.0,58.3,73.3,58.8,50.0,75.0,83.3,80.0,82.4,85.0,53.6,47.6,57.1,58.3,87.5,47.6,44.4,50.0,73.3,86.7,72.2,57.1,72.7,81.8,54.8,33.3,26.7,26.7,33.3,2.9,4.8,3.2,3.2,8.0,87.5,81.8,84.2,84.2,90.9,3.0,1.2,1.2,1.2,77.2
Southeastern,362,354,337,367,423,192,164,166,179,185,239,199,174,176,187,319,315,343,393,148,152,163,178,181,158,171,162,54.0,52.3,50.9,48.8,48.2,18.7,21.2,20.5,20.0,18.7,22.2,24.4,26.3,28.4,30.2,6.9,13.8,5.6,4.9,4.5,10.4,12.8,5.4,5.0,7.6,33.9,49.7,47.7,43.2,44.9,6.1,6.6,6.5,4.0,82.5,88.6,81.6,88.2,19.2,17.6,18.4,16.1,68.9,89.9,93.8,79.4,72.3,66.7,87.5,45.2,58.8,66.2,63.1,73.2,51.9,88.1,56.1,70.2,69.4,33.9,86.4,66.7,70.8,66.1,78.2,53.6,53.3,51.2,52.3,29.8,73.2,75.6,69.8,54.5,57.4,38.4,40.6,27.8,25.9,60.0,43.5,43.6,43.9,42.0,48.8,31.7,26.9,37.5,70.0,21.9,20.6,27.8,27.8,24.0,5.0,2.5,9.9,9.9,1.6,81.4,82.0,75.8,75.8,72.7,6.3,6.2,6.2,6.9,96.0
Southern Park Heights,854,765,799,874,890,482,407,430,450,457,848,704,664,691,636,716,774,841,862,385,421,430,444,625,637,657,627,97.8,98.5,97.9,97.3,96.7,0.3,0.4,0.5,0.7,0.7,0.5,0.6,0.9,1.3,1.8,14.4,19.1,18.1,16.6,23.3,14.5,18.9,13.5,18.2,18.2,47.1,45.0,45.3,39.9,43.6,7.8,8.0,8.7,8.0,87.5,88.6,80.7,89.3,19.7,17.1,17.7,16.7,62.0,79.8,63.2,80.9,72.1,66.1,58.5,39.9,76.5,66.7,52.0,57.5,50.0,51.2,64.1,55.3,50.7,26.2,76.0,72.0,69.3,69.1,56.0,33.8,29.0,38.4,37.7,30.3,52.0,62.3,49.6,73.3,53.9,31.6,32.5,31.2,38.2,49.3,41.0,34.3,29.8,33.3,47.0,41.1,41.4,44.1,59.6,24.0,21.5,19.7,19.7,30.6,5.9,7.8,4.0,4.0,2.0,81.3,70.5,82.1,82.1,80.7,8.2,11.5,11.5,8.3,71.8
Southwest Baltimore,1663,1371,1327,1364,1376,813,676,644,697,693,1154,1027,945,897,858,1251,1271,1305,1336,625,619,682,679,935,912,869,840,86.1,85.0,85.1,84.4,84.4,9.1,10.3,9.6,10.0,9.7,2.3,3.0,3.5,3.9,4.2,14.9,22.0,17.1,16.7,19.5,20.0,21.7,20.8,17.4,20.5,43.6,57.8,52.1,44.3,46.6,9.1,8.9,8.5,8.9,90.9,90.8,83.3,93.4,20.2,19.3,18.5,18.1,56.1,68.0,69.1,71.1,65.4,65.9,58.7,32.5,68.9,65.3,55.0,49.2,44.2,74.7,60.7,61.4,55.4,33.3,80.3,74.0,67.9,66.0,76.4,22.2,26.1,31.5,32.1,19.4,42.5,60.0,48.1,54.7,51.6,27.4,34.4,27.2,23.6,42.9,38.1,31.4,34.1,28.6,54.0,46.3,43.2,37.6,42.9,21.9,21.2,20.5,20.5,32.6,3.0,5.6,4.8,4.8,3.1,71.7,80.9,76.2,76.2,74.2,10.4,11.5,11.5,11.2,89.9
The Waverlies,465,504,470,444,465,284,283,267,262,257,468,426,395,393,357,475,456,435,457,266,261,252,246,380,377,375,346,95.1,93.1,93.6,92.8,92.3,1.6,3.7,2.8,3.2,3.4,1.4,2.0,2.6,3.0,3.1,10.5,20.4,13.6,17.3,13.3,13.0,19.4,13.1,8.0,15.2,39.7,43.2,38.2,37.9,38.1,8.5,7.8,8.1,6.6,83.4,83.3,75.2,85.0,16.3,15.2,15.6,15.7,64.4,74.1,78.4,81.7,69.2,75.6,66.0,36.7,81.7,62.8,65.1,67.0,47.4,60.6,69.8,76.7,61.8,40.5,71.8,69.8,73.6,74.2,75.9,23.8,35.2,48.8,30.5,16.9,51.3,64.1,76.3,61.0,42.3,35.6,37.9,37.5,34.1,55.6,45.9,30.1,38.1,34.1,61.3,51.0,50.4,48.0,62.7,20.5,19.4,17.4,17.4,35.9,3.0,3.3,4.2,4.2,4.5,75.6,82.5,77.6,77.6,78.8,8.2,9.1,9.1,8.4,81.6
Upton/Druid Heights,911,857,900,886,858,309,411,406,390,401,632,574,543,525,543,822,886,865,826,398,399,383,397,509,526,510,542,98.3,98.2,98.4,97.8,98.0,0.2,0.7,0.5,0.6,0.4,0.1,0.5,0.6,1.0,1.1,8.3,20.4,17.6,19.5,17.2,22.3,15.8,22.2,21.0,18.7,49.8,55.1,51.6,41.9,46.0,12.0,11.4,13.4,12.7,92.7,93.8,86.4,94.8,17.2,18.3,17.7,18.3,67.3,78.1,74.0,70.9,64.2,63.2,50.3,28.3,64.5,62.9,57.9,51.1,38.2,64.5,60.2,63.4,54.2,29.9,69.1,66.2,72.2,59.6,64.2,13.6,18.9,17.9,20.6,12.7,38.6,43.4,37.1,39.4,42.1,24.7,29.7,30.7,25.3,43.0,30.6,29.1,31.6,29.3,49.6,38.0,37.4,31.3,43.3,18.9,15.1,18.1,18.1,26.2,3.6,4.2,5.2,5.2,2.8,76.2,79.5,75.7,75.7,73.6,10.0,10.7,10.7,10.3,79.1
Washington Village/Pigtown,294,311,341,318,353,172,162,165,173,160,234,219,203,204,200,293,296,308,335,150,156,169,157,203,195,197,196,75.7,76.6,77.0,77.8,76.2,18.9,17.2,15.4,15.7,17.3,1.1,2.1,2.6,2.7,3.1,12.6,17.4,14.4,13.2,15.6,16.9,29.0,23.6,28.9,21.3,39.3,47.5,41.4,35.3,47.5,9.7,9.5,8.9,7.6,87.4,87.8,81.1,89.8,15.0,15.6,16.6,15.8,64.6,82.2,94.0,69.6,82.7,72.9,53.7,31.8,60.7,82.7,60.3,59.3,47.1,76.6,64.5,67.9,73.6,43.6,78.7,78.7,71.2,79.6,81.8,16.0,20.0,41.7,31.3,25.0,52.0,66.7,68.8,55.1,50.8,44.1,41.3,36.8,38.9,65.2,38.5,43.3,28.8,43.1,48.0,50.7,40.7,53.8,56.7,19.8,12.2,23.2,23.2,29.4,8.1,3.7,5.3,5.3,2.0,77.4,79.3,75.0,75.0,91.9,7.7,9.1,9.1,7.0,96.0
Westport/Mount Winans/Lakeland,499,645,620,639,675,300,300,296,324,348,439,384,377,368,361,583,593,610,642,269,285,302,323,344,361,350,346,82.4,77.4,74.7,73.6,72.7,6.3,7.5,7.1,7.6,6.7,9.9,14.2,17.0,17.8,19.8,13.6,17.5,11.0,16.6,15.3,18.0,14.7,14.9,16.0,17.8,39.0,45.3,42.4,38.0,37.1,6.1,6.6,6.7,8.0,88.0,87.0,82.2,91.2,18.2,17.5,15.9,15.5,75.8,69.7,86.3,88.0,76.5,81.3,67.2,55.1,85.9,69.5,60.7,68.4,66.3,88.9,56.1,63.9,63.4,43.1,81.9,66.7,76.9,74.3,83.2,36.0,41.2,44.3,36.0,30.9,53.0,65.2,62.1,65.6,44.2,33.9,37.7,31.9,35.2,38.4,38.3,36.2,38.5,36.8,56.4,49.2,48.1,47.6,53.6,30.1,18.2,19.5,19.5,22.7,3.6,3.6,3.6,3.6,1.4,80.5,83.1,77.4,77.4,75.0,7.8,7.5,7.5,8.3,100.0
Baltimore City,32735,33791,32791,33054,33183,18778,17999,17463,17481,17268,28653,26983,24707,23902,22888,31234,31604,31853,32006,16659,16986,16817,16757,24311,23706,22950,22281,87.3,85.9,85.1,84.5,84.2,7.3,8.2,8.1,8.1,8.1,2.9,4.1,4.8,5.6,6.1,12.3,16.6,12.7,13.1,15.0,16.9,16.7,15.1,13.3,15.2,39.7,42.1,40.4,35.6,38.7,8.7,7.9,8.3,7.7,83.2,82.8,76.2,85.1,17.3,16.3,16.5,16.2,66.2,73.1,77.6,77.5,73.3,73.6,68.1,46.8,72.5,69.4,65.5,64.9,55.6,70.9,64.7,70.4,65.0,42.6,80.4,76.1,75.8,73.6,74.1,31.0,35.1,39.5,37.9,28.7,52.0,61.2,58.8,62.0,54.9,37.3,36.2,34.0,32.5,49.4,42.7,36.2,36.4,36.7,56.0,48.8,45.4,44.5,57.4,25.9,22.5,21.0,21.0,32.2,3.9,4.2,4.1,4.1,2.0,78.4,80.3,80.3,80.3,80.7,7.2,7.1,7.1,8.0,88.1